{
  "hash": "bf21b681",
  "configHash": "3b32d41f",
  "lockfileHash": "f63e313c",
  "browserHash": "a8fcf431",
  "optimized": {
    "react": {
      "src": "../../react/index.js",
      "file": "react.js",
      "fileHash": "07480bf4",
      "needsInterop": true
    },
    "react-dom": {
      "src": "../../react-dom/index.js",
      "file": "react-dom.js",
      "fileHash": "3370ad46",
      "needsInterop": true
    },
    "react/jsx-dev-runtime": {
      "src": "../../react/jsx-dev-runtime.js",
      "file": "react_jsx-dev-runtime.js",
      "fileHash": "90b0cc74",
      "needsInterop": true
    },
    "react/jsx-runtime": {
      "src": "../../react/jsx-runtime.js",
      "file": "react_jsx-runtime.js",
      "fileHash": "c04ae99a",
      "needsInterop": true
    },
    "@gsap/react": {
      "src": "../../@gsap/react/src/index.js",
      "file": "@gsap_react.js",
      "fileHash": "1e218b30",
      "needsInterop": false
    },
    "@react-three/drei": {
      "src": "../../@react-three/drei/index.js",
      "file": "@react-three_drei.js",
      "fileHash": "aeba883f",
      "needsInterop": false
    },
    "@react-three/fiber": {
      "src": "../../@react-three/fiber/dist/react-three-fiber.esm.js",
      "file": "@react-three_fiber.js",
      "fileHash": "753077c7",
      "needsInterop": false
    },
    "axios": {
      "src": "../../axios/index.js",
      "file": "axios.js",
      "fileHash": "3b3df1d5",
      "needsInterop": false
    },
    "framer-motion": {
      "src": "../../framer-motion/dist/es/index.mjs",
      "file": "framer-motion.js",
      "fileHash": "15d8cbac",
      "needsInterop": false
    },
    "gsap": {
      "src": "../../gsap/index.js",
      "file": "gsap.js",
      "fileHash": "01ed3cce",
      "needsInterop": false
    },
    "react-dom/client": {
      "src": "../../react-dom/client.js",
      "file": "react-dom_client.js",
      "fileHash": "f225c8e4",
      "needsInterop": true
    },
    "react-router-dom": {
      "src": "../../react-router-dom/dist/index.js",
      "file": "react-router-dom.js",
      "fileHash": "93ac414c",
      "needsInterop": false
    }
  },
  "chunks": {
    "hls-DVAMM37M": {
      "file": "hls-DVAMM37M.js"
    },
    "vision_bundle-OMLDC4S3": {
      "file": "vision_bundle-OMLDC4S3.js"
    },
    "chunk-2ZIDK4BD": {
      "file": "chunk-2ZIDK4BD.js"
    },
    "chunk-HQAR3DY6": {
      "file": "chunk-HQAR3DY6.js"
    },
    "chunk-RC3YDMAO": {
      "file": "chunk-RC3YDMAO.js"
    },
    "chunk-PUZYEQW2": {
      "file": "chunk-PUZYEQW2.js"
    },
    "chunk-A5QT6Q3K": {
      "file": "chunk-A5QT6Q3K.js"
    },
    "chunk-6PXSGDAH": {
      "file": "chunk-6PXSGDAH.js"
    },
    "chunk-DRWLMN53": {
      "file": "chunk-DRWLMN53.js"
    },
    "chunk-G3PMV62Z": {
      "file": "chunk-G3PMV62Z.js"
    }
  }
}